{
  "manifest.json": 1745826478808,
  "test/integration/FirstJourney.js": 1745591721152,
  "test/integration/pages/RisksList.js": 1745591721084,
  "test/integration/opaTests.qunit.js": 1745591720824,
  "test/integration/pages/RisksObjectPage.js": 1745591721084,
  "test/testsuite.qunit.js": 1745591720760,
  "xs-app.json": 1745829531708,
  "i18n/i18n.properties": 1745591794205,
  "Component.js": 1745591720248,
  "test/integration/FirstJourney-dbg.js": 1745591721152,
  "test/integration/FirstJourney.js.map": 1745829539621,
  "test/integration/pages/RisksList-dbg.js": 1745591721084,
  "test/integration/pages/RisksList.js.map": 1745829539608,
  "test/integration/opaTests.qunit-dbg.js": 1745591720824,
  "test/integration/opaTests.qunit.js.map": 1745829539606,
  "test/integration/pages/RisksObjectPage-dbg.js": 1745591721084,
  "test/integration/pages/RisksObjectPage.js.map": 1745829539616,
  "test/testsuite.qunit-dbg.js": 1745591720760,
  "test/testsuite.qunit.js.map": 1745829539608,
  "Component-dbg.js": 1745591720248,
  "Component.js.map": 1745829539609,
  "Component-preload.js": 1745829539703,
  "Component-preload.js.map": 1745829539703,
  "test/integration/opaTests.qunit.html": 1745591720824,
  "test/testsuite.qunit.html": 1745591720704,
  "test/flpSandbox.html": 1745591720700,
  "index.html": 1745591720280
}